host;tfidf_high_ungeprueft;llm_geprueft_gleicher_host;llm_bestaetigungsrate
mhb.uni-augsburg.de;874;942;0.98
www.uni-bremen.de;759;326;0.53
www.uni-bamberg.de;491;288;0.4
www.uni-hamburg.de;487;513;0.07
www.bekanntmachungen.ovgu.de;480;154;0.38
www.uni-flensburg.de;262;284;0.11
mediapool.hm.edu;251;227;0.34
www-docs.b-tu.de;243;61;0.85
tu-freiberg.de;241;47;0.34
www.tu-braunschweig.de;224;195;0.11
www.dijon.uni-mainz.de;220;33;0.12
mos.uni-halle.de;218;208;0.55
www.hsbi.de;188;229;0.44
pubdoc.th-luebeck.de;185;642;0.25
www.wiwi.kit.edu;180;254;1.0
www.hcu-hamburg.de;179;94;0.12
www.frankfurt-university.de;164;298;0.09
www.haw-hamburg.de;145;86;0.42
www.philfak.uni-bonn.de;139;18;1.0
www.hfm-detmold.de;136;213;0.11
www.fvm.hhu.de;134;14;0.14
www.uni-hildesheim.de;129;105;0.09
www.haw-landshut.de;128;112;0.14
www.th-deg.de;126;190;0.27
www.folkwang-uni.de;126;213;0.28
www.hshl.de;126;14;0.43
cs.tu-dortmund.de;121;468;0.66
www.maschinenbau.uni-hannover.de;121;18;0.94
wiso.uni-koeln.de;121;8;
tu-dresden.de;116;57;0.04
www.fernuni-hagen.de;116;753;0.14
www.uni-greifswald.de;106;238;0.01
www2.hs-esslingen.de;105;24;0.25
www.zfl.tu-darmstadt.de;103;173;0.03
constructor.university;102;350;0.1
www.uni-due.de;102;442;0.01
www.etit.kit.edu;102;44;0.93
www.hs-fulda.de;100;66;0.06
www.mach.kit.edu;99;169;1.0
www.htwk-leipzig.de;97;343;0.01
www.hs-mainz.de;93;184;0.62
www.ph-freiburg.de;92;301;0.25
www.hu-berlin.de;91;178;0.03
www.uni-kassel.de;91;58;0.07
www.uni-marburg.de;90;34;0.12
www.physik.ruhr-uni-bochum.de;86;13;0.69
www.thi.de;86;180;0.13
www.hs-emden-leer.de;81;78;0.15
www.phil.uni-mannheim.de;81;37;0.19
h-da.de;78;19;0.26
www.bio.uni-jena.de;76;41;0.2
www.fh-dortmund.de;75;41;0.12
www.hfmdd.de;75;158;0.19
www.hochschule-bochum.de;74;165;0.21
www.h-ka.de;74;285;0.61
www.ku.de;72;480;0.01
www.informatik.uni-bonn.de;68;2;
hfm-karlsruhe.de;66;141;0.21
www2.uni-luebeck.de;66;14;0.43
www.tu-chemnitz.de;65;88;0.0
www.dhge.de;65;115;0.37
modkat.fei.uni-hannover.de;61;64;0.03
www.studiengaenge.tu-clausthal.de;58;120;0.24
philtypo3.uni-koeln.de;58;2;
modulhandbuch.sis.h-da.de;57;1;
www.hmt-leipzig.de;57;171;0.31
friedolin.uni-jena.de;55;50;0.18
www.hs-harz.de;54;50;0.24
hs-flensburg.de;53;49;0.59
www.fmi.uni-jena.de;53;23;0.09
gesundheitscampus.hochschule-bochum.de;50;77;0.18
www.hs-bremen.de;49;21;0.48
www.hfmt-koeln.de;49;114;0.39
www.hfk-bremen.de;48;51;0.04
www.evh-bochum.de;47;15;0.8
www.hs-furtwangen.de;47;116;0.1
www.htwg-konstanz.de;45;126;0.09
www.gugw.tu-darmstadt.de;44;24;0.08
etit.tu-dortmund.de;44;32;0.56
www.tf.uni-freiburg.de;44;16;0.06
www.hsu-hh.de;44;26;0.08
www.naturwissenschaften.uni-hannover.de;43;10;0.0
www.fh-erfurt.de;41;525;0.05
www.hs-koblenz.de;41;11;0.36
fb06.uni-mainz.de;41;84;0.24
www.hs-coburg.de;40;109;0.24
www.humanw.tu-darmstadt.de;39;1;
www.hawk.de;37;67;0.25
www.ebz-business-school.de;35;3;
sulwww.uni-erfurt.de;35;45;0.2
www.aei.uni-bonn.de;34;1;
www.dshs-koeln.de;34;43;0.14
www.ash-berlin.eu;33;104;0.21
www.h-brs.de;33;12;0.75
hmtm.de;33;93;0.09
www.hs-mittweida.de;32;18;0.72
www.maphy.uni-hannover.de;31;40;0.95
www.bcp.fu-berlin.de;30;91;0.43
www.udk-berlin.de;30;104;0.05
www.uni-giessen.de;30;29;0.24
www.imktro.kit.edu;29;8;
www.fh-mittelstand.de;28;3;
www.th-bingen.de;28;22;0.18
www.thga.de;28;37;0.16
www.th-koeln.de;28;32;0.25
www.bzl.uni-bonn.de;27;117;0.01
hf-studium.uni-koeln.de;27;4;
www.kh-mz.de;27;43;0.26
www.fei.uni-hannover.de;26;33;0.33
zfl.uni-koeln.de;26;3;
gremien.hu-berlin.de;25;115;0.06
modulhandbuch.iw.h-da.de;23;99;1.0
www.hsba.de;23;67;0.03
www.ciw.kit.edu;23;11;0.36
f07-studieninfo.web.th-koeln.de;23;1003;0.76
biologie.uni-koeln.de;23;18;0.28
www.imel.tu-clausthal.de;22;22;0.32
assets.uni-frankfurt.de;22;8;
www.hs-merseburg.de;22;12;0.33
www.maschinenbau.tu-darmstadt.de;21;25;0.04
www.uni-heidelberg.de;21;6;
fakultaeten.hu-berlin.de;20;142;0.07
www.biologie.ruhr-uni-bochum.de;20;108;0.69
th-deg.de;19;174;0.0
www.tuhh.de;19;14;0.43
www.geistsoz.kit.edu;18;10;1.0
www.eh-ludwigsburg.de;18;9;
www.ipu-berlin.de;16;75;0.07
ai.fh-erfurt.de;16;262;0.02
www.hs-geisenheim.de;16;21;0.62
technik.th-brandenburg.de;15;2;
www.hs-esslingen.de;15;147;0.28
www.burg-halle.de;15;34;0.41
www.lnqe.uni-hannover.de;15;1;
backend.uni-heidelberg.de;15;62;0.03
www.hfm-berlin.de;14;112;0.26
www.fu-berlin.de;14;161;0.03
www.hibo.ruhr-uni-bochum.de;14;22;0.0
www.psy.ruhr-uni-bochum.de;14;5;
www.econ.uni-bonn.de;14;4;
www.informatik.tu-darmstadt.de;14;62;0.02
www.ris.uni-due.de;14;0;
www.uni-koblenz.de;14;0;
www.psychologie.uni-mainz.de;14;4;
homeportal.hs-merseburg.de;14;0;
www.mh-freiburg.de;13;111;0.05
www.mathcs.uni-leipzig.de;13;27;0.3
www.hochschule-biberach.de;12;34;0.44
www.pe.ruhr-uni-bochum.de;12;3;
www.ktf.uni-bonn.de;12;3;
altemusik.hfk-bremen.de;12;12;0.0
www.provadis-hochschule.de;12;9;
www.kulturwissenschaften.uni-hamburg.de;12;61;0.43
www.hs-kempten.de;12;13;0.46
www.gkr.uni-leipzig.de;12;38;0.05
www.hwr-berlin.de;11;62;0.15
kh-berlin.de;11;47;0.26
www.etf.uni-bonn.de;11;12;0.17
eit.h-da.de;11;15;0.47
www.kh-freiburg.de;11;66;0.08
www.hfmt-hamburg.de;11;41;0.24
www.th-luebeck.de;11;1;
studieren.h2.de;11;20;0.1
www.hsap.de;10;24;0.42
www.archwiss.ruhr-uni-bochum.de;10;2;
informatik.th-brandenburg.de;10;2;
wirtschaft.th-brandenburg.de;10;3;
www.etit.tu-darmstadt.de;10;8;
ab.tu-dortmund.de;10;3;
www.wiwi.hhu.de;10;99;0.0
www.msm.uni-due.de;10;8;
www.nbs.de;10;13;0.38
www.hfjs.eu;10;36;0.11
www.philos.uni-hannover.de;10;4;
www.as.uni-heidelberg.de;10;46;0.09
math.uni-koeln.de;10;10;0.0
www.eh-berlin.de;9;31;0.19
www.mathematik.tu-darmstadt.de;9;32;0.19
www.wiwi.uni-due.de;9;2;
www.uni-erfurt.de;9;79;0.03
www.hbk-essen.de;9;2;
www.eh-freiburg.de;9;34;0.09
www.muho-mannheim.de;9;48;0.27
www.hdbw-hochschule.de;9;11;0.0
www.ihl.eu;8;5;
www.fbi.ruhr-uni-bochum.de;8;8;
moodle.ruhr-uni-bochum.de;8;6;
www.physik-astro.uni-bonn.de;8;0;
www.bauing.tu-darmstadt.de;8;31;0.32
www.architektur.tu-darmstadt.de;8;14;0.14
www.mawi.tu-darmstadt.de;8;13;0.0
www.europa-uni.de;8;31;0.23
www.studium.uni-freiburg.de;8;0;
filer.itz.uni-halle.de;8;48;0.0
backend.iued.uni-heidelberg.de;8;2;
www.agw.kit.edu;8;11;1.0
www.musikwissenschaft.uni-mainz.de;8;8;
www.es.ruhr-uni-bochum.de;7;43;0.65
www.th-brandenburg.de;7;36;0.03
www.geo.tu-darmstadt.de;7;15;0.07
www.tu-darmstadt.de;7;0;
studip.ehs-dresden.de;7;12;0.58
www.verw.tu-dresden.de;7;4;
bolognat3.wiwi.uni-due.de;7;2;
math-inf.uni-greifswald.de;7;9;
ev-hochschule-hh.de;7;2;
hfbk-hamburg.de;7;19;0.47
www.tiho-hannover.de;7;26;0.12
www.sportwiss.uni-hannover.de;7;1;
www.slav.uni-heidelberg.de;7;15;0.0
lmclehre.iab.kit.edu;7;6;
inu.de;7;10;0.0
psychologische-hochschule.de;6;11;0.0
www.static.tu.berlin;6;180;0.01
www.ruhr-uni-bochum.de;6;3;
www.wi.tu-darmstadt.de;6;3;
fba.h-da.de;6;5;
mediencampus.h-da.de;6;0;
www.kirchenmusik-dresden.de;6;14;0.21
www.biologiestudium.hhu.de;6;0;
www.physik.hhu.de;6;6;
geo.uni-greifswald.de;6;4;
websrv.natfak2.uni-halle.de;6;38;0.03
www.ipw.uni-hannover.de;6;12;0.0
backend.awi.uni-heidelberg.de;6;3;
www.hfs-berlin.de;5;4;
www.htw-berlin.de;5;269;0.04
pse.hu-berlin.de;5;5;
www.chemie.uni-bonn.de;5;0;
web3.physik.uni-bonn.de;5;2;
www.linglit.tu-darmstadt.de;5;12;0.17
ehk-halle.de;5;12;0.5
www.hfh-fernstudium.de;5;76;0.07
studienplaene.tuhh.de;5;53;0.26
www.fbg.uni-hannover.de;5;3;
cdn.hs-heilbronn.de;5;17;0.06
www.ph-ludwigsburg.de;5;38;0.08
www.chemie.uni-leipzig.de;5;8;
www.gestaltung.hs-mannheim.de;5;7;
www.thm.de;5;19;0.16
www.ksh-muenchen.de;5;12;0.33
www.geisteswissenschaften.fu-berlin.de;4;27;0.15
www.uni-bielefeld.de;4;53;0.21
kgi.ruhr-uni-bochum.de;4;10;0.0
etit.ruhr-uni-bochum.de;4;2;
bamainfo.informatik.uni-bonn.de;4;0;
www.mathematics.uni-bonn.de;4;7;
bionik.hs-bremen.de;4;0;
fbw.h-da.de;4;9;
www.bio.tu-darmstadt.de;4;4;
www.physik.tu-darmstadt.de;4;7;
www.chemie.tu-darmstadt.de;4;1;
kunstakademie-duesseldorf.de;4;16;0.0
www.nordakademie.de;4;11;0.91
www.hnee.de;4;68;0.06
th-ewersbach.de;4;4;
www.japanologie.uni-frankfurt.de;4;10;0.1
www.kunst.uni-frankfurt.de;4;0;
www.rewi.europa-uni.de;4;4;
ipk.uni-greifswald.de;4;85;0.01
www.idgs.uni-hamburg.de;4;0;
www.archland.uni-hannover.de;4;0;
nuw.rptu.de;4;2;
www.kunstakademie-karlsruhe.de;4;7;
intranet.kunstakademie-karlsruhe.de;4;8;
www.osim.uni-jena.de;4;2;
cs.uni-koeln.de;4;1;
www.leuphana.de;4;261;0.01
www.imise.uni-leipzig.de;4;33;0.0
www.bwl.uni-mannheim.de;4;0;
www.hs-ludwigsburg.de;3;6;
www.mediadesign.de;3;41;0.27
www.psychologie.hu-berlin.de;3;19;0.05
ekvv.uni-bielefeld.de;3;54;0.02
www.theaterwissenschaft.ruhr-uni-bochum.de;3;5;
www.gug.uni-bonn.de;3;1;
www.kath.ruhr-uni-bochum.de;3;2;
www.biologie.uni-bonn.de;3;1;
www.fbi.h-da.de;3;10;0.0
mb.tu-dortmund.de;3;0;
www.ifs.tu-darmstadt.de;3;1;
sowi.h-da.de;3;1;
www.hfbk-dresden.de;3;10;0.1
www.rsh-duesseldorf.de;3;12;0.0
www.cs.hhu.de;3;2;
www.wiwi.europa-uni.de;3;9;
ezw.uni-freiburg.de;3;2;
www.math.uni-freiburg.de;3;0;
www.zu.de;3;16;0.06
www.uni-goettingen.de;3;20;0.15
slawistik.uni-greifswald.de;3;7;
biologie.uni-greifswald.de;3;5;
www.jura.uni-hamburg.de;3;7;
www.ifs.uni-hannover.de;3;18;0.0
www.ibm.uni-hannover.de;3;0;
backend.idf.uni-heidelberg.de;3;16;0.5
backend.ipw.uni-heidelberg.de;3;2;
www.medizinische-fakultaet-hd.uni-heidelberg.de;3;1;
www.klinikum.uni-heidelberg.de;3;1;
www.chemgeo.uni-jena.de;3;3;
rh-koeln.de;3;8;
www.physes.uni-leipzig.de;3;7;
fas.htwk-leipzig.de;3;15;0.0
iaw.uni-mainz.de;3;0;
www.avl.uni-mainz.de;3;4;
studienbuero-gutenberg-institut.uni-mainz.de;3;1;
www.adbk.de;3;13;0.31
www.hs-kehl.de;2;8;
www.didaktikdeutsch.uni-bayreuth.de;2;5;
www.ni.hu-berlin.de;2;4;
www.reha.hu-berlin.de;2;1;
www.musikundmedien.hu-berlin.de;2;3;
math.ruhr-uni-bochum.de;2;30;0.0
www.geo.ruhr-uni-bochum.de;2;1;
www.romanistik.ruhr-uni-bochum.de;2;4;
www.ifgeo.uni-bonn.de;2;0;
www.klass-phil.ruhr-uni-bochum.de;2;12;0.0
www.klinische-pharmazie.uni-bonn.de;2;10;0.4
zis.th-brandenburg.de;2;0;
fbbu.h-da.de;2;4;
www.mechatronik.tu-darmstadt.de;2;0;
www.geschichte.tu-darmstadt.de;2;4;
www.tu-dortmund.de;2;536;0.0
palucca.eu;2;8;
www.philo.hhu.de;2;86;0.16
gesundheit-hochschule.de;2;2;
www.biochemiestudium.hhu.de;2;0;
www.romanistik.hhu.de;2;1;
studycl.phil.hhu.de;2;1;
www.ef.hhu.de;2;2;
www.fb03.uni-frankfurt.de;2;34;0.15
www.pharmazie-web.uni-freiburg.de;2;3;
www.mscneuro.uni-freiburg.de;2;0;
www.inatech.uni-freiburg.de;2;0;
uni-goettingen.de;2;1;
theologie.uni-greifswald.de;2;7;
kmm.hfmt-hamburg.de;2;1;
backend.mwi.uni-heidelberg.de;2;2;
www.uni-hohenheim.de;2;30;0.2
www.ori.uni-heidelberg.de;2;9;
studienstart.uni-hohenheim.de;2;5;
www.physik.uni-jena.de;2;1;
www.msc-microbio.uni-jena.de;2;2;
www.ksop.kit.edu;2;0;
www.lw.uni-leipzig.de;2;5;
www.philol.uni-leipzig.de;2;171;0.08
www.uni-luebeck.de;2;1;
download.uni-mainz.de;2;107;0.0
www.hdba.de;2;16;0.0
cms.zdv.uni-mainz.de;2;4;
www.accadis.com;1;0;
www.bht-berlin.de;1;29;0.86
www.physik.fu-berlin.de;1;13;0.0
imi-master.htw-berlin.de;1;7;
www.lai.fu-berlin.de;1;0;
www.f4.htw-berlin.de;1;0;
fzt.htw-berlin.de;1;6;
www.f3.htw-berlin.de;1;1;
md-bachelor.htw-berlin.de;1;4;
btk-master.htw-berlin.de;1;3;
www.iaaw.hu-berlin.de;1;0;
www.agrar.hu-berlin.de;1;4;
www.psychology.hu-berlin.de;1;3;
www.informatik.hu-berlin.de;1;3;
geo-hu.pages.cms.hu-berlin.de;1;1;
www.subsurf.ruhr-uni-bochum.de;1;44;0.05
chemie.ruhr-uni-bochum.de;1;14;0.14
www.compeng.ruhr-uni-bochum.de;1;1;
hpolbb.de;1;20;0.1
www.geographie.uni-bonn.de;1;3;
www.pharma.uni-bonn.de;1;0;
rasum.h-da.de;1;2;
www.kombi.tu-chemnitz.de;1;0;
www.ce.tu-darmstadt.de;1;0;
www.energy.tu-darmstadt.de;1;0;
bci.tu-dortmund.de;1;0;
sport.kmst.tu-dortmund.de;1;0;
irecht.h-da.de;1;0;
eignung.design.fh-dortmund.de;1;1;
www.fliedner-fachhochschule.de;1;16;0.06
www.chemiestudium.hhu.de;1;0;
www.heicad.hhu.de;1;0;
www.geo.uni-frankfurt.de;1;1;
math.uni-freiburg.de;1;0;
ifs.uni-greifswald.de;1;63;0.02
phil.uni-greifswald.de;1;4;
baltistik.uni-greifswald.de;1;2;
germanistik.uni-greifswald.de;1;5;
master-dm.wp.hs-hannover.de;1;1;
www.slm.uni-hamburg.de;1;39;0.13
www.hist.uni-hannover.de;1;0;
www.iew.uni-hannover.de;1;0;
www.germanistik.uni-hannover.de;1;5;
www.engsem.uni-hannover.de;1;0;
www.ifbe.uni-hannover.de;1;0;
backend.sage.uni-heidelberg.de;1;0;
www.cl.uni-heidelberg.de;1;1;
backend.gero.uni-heidelberg.de;1;0;
www.hof-university.de;1;61;0.07
www.tu-ilmenau.de;1;99;0.02
www.uni-jena.de;1;4;
www.allensbach-hochschule.de;1;1;
zib.jura.uni-koeln.de;1;6;
ilu.th-koeln.de;1;2;
www.medieninformatik.th-koeln.de;1;0;
gestik.uni-koeln.de;1;0;
www.hgb-leipzig.de;1;31;0.23
www.wifa.uni-leipzig.de;1;2;
www.sozphil.uni-leipzig.de;1;52;0.0
dbs.uni-leipzig.de;1;0;
www.spowi.uni-leipzig.de;1;6;
www.erzwiss.uni-leipzig.de;1;3;
fim.htwk-leipzig.de;1;0;
www.kunstgeschichte.uni-mainz.de;1;1;
studienbuero.physik.uni-mainz.de;1;0;
www.studienbuero.erziehungswissenschaft.uni-mainz.de;1;0;
www.csrn.uni-mainz.de;1;0;
www.geowiss.uni-mainz.de;1;4;
kiw.hs-merseburg.de;1;3;
www.wim.uni-mannheim.de;1;1;
