nr;url;manuell_ist_modulhandbuch (ja/nein);---erst nach der Pruefung ansehen---;tfidf_score;llm_urteil;llm_begruendung
1;https://www.verw.tu-dresden.de/AmtBek/PDF-Dateien/2015-07/07soBAA22.03.2015.pdf;;;0.6308;llm_rejected;Studienordnung (regulations document), not Modulhandbuch. Describes only structure and requirements.
2;https://mhb.uni-augsburg.de/MasterStudiengaenge/Master+of+Science/Wirtschaftsmathematik+%28Hauptfach%29/POVersion+2013/Wintersemester%202025_26/Masterstudiengang_Wirtschaftsmathematik.pdf;;;0.9857;tfidf_high;
3;https://kw.uni-paderborn.de/fileadmin-kw/studium/studienbuero-kw/Studium/Formulare/Visualisierungen/ZFBA/ZFBA_v5/ZFBA_v5_ESW_ELK.pdf;;;0.3704;llm_confirmed;German module handbook (Modulhandbuch) systematically describing multiple modules with learning outcomes, contents, ECTS credits, and exam forms.
4;https://gremien.hu-berlin.de/de/amb-ordner/2015/42/42_2015_MA_%20BW%20-%20SB%20-BS-_PSE_23.07.15_DRUCK.pdf;;;0.5279;llm_rejected;Studien- und Prüfungsordnung (regulations), not Modulhandbuch
5;https://www.uni-koblenz.de/de/philologie-kulturwissenschaften/informationen/studierende/uebersicht-ueber-alle-modulhandbuecher-im-fachbereich/mhb_visuelle_aesthetik_nach_akkr_260410.pdf/@@download/file;;;0.9743;tfidf_high;
6;https://mhb.uni-augsburg.de/MagisterStudiengaenge/Magister+Artium+Katholische+Theologie/Katholische+Theologie+%28Hauptfach%29/Erste+PO+des+Studiengangs/Wintersemester%202018_2019/Magister_Theologiae.pdf;;;0.682;llm_confirmed;German university Modulhandbuch systematically describing modules with learning outcomes, contents, ECTS/SWS, exam forms.
7;https://www.uni-due.de/imperia/md/content/zentralverwaltung/bereinigte_sammlung/9_35_5.pdf;;;0.7897;llm_rejected;Studienordnung/regulations document, not a Modulhandbuch
8;https://mhb.uni-augsburg.de/Lehramtsstudiengaenge/LA+Realschule+%28modularisiert%29/Musik+%28Hauptfach%29/POVersion+2012/Sommersemester%202016/Musikpaedagogik_PO_2012.pdf;;;0.8955;llm_confirmed;German university Modulhandbuch for Musikpädagogik systematically describing modules with learning outcomes, contents, ECTS, SWS, and exam forms.
9;https://www.hsbi.de/media/hochschulverwaltung/dezernat-ii/studserv/pruefungsangelegenheiten/archiv/fachbereich-campus-minden/integrierte-technologie-und-system-entwicklung-master-version-2020-(fassung-2022)-studiengangspruefungsordnung-und-modulhandbuch.pdf?called_by=fh_neu&download=1&original_page=22122&original_site=fh_neu&view_image=1;;;0.8563;llm_rejected;"Primarily Studiengangsprüfungsordnung (regulations); Modulhandbuch component not evident in excerpt."
10;https://www.hs-nb.de/storages/hs-neubrandenburg/Studium_Weiterbildung/Weiterbildung/SG_ABW/Modulbeschreibungen/AL.ABW.2016_-_MHB_-_2.AES_Unternehmensplanspiel.pdf;;;0.5632;llm_rejected;Single module datasheet, not complete Modulhandbuch with multiple modules
11;https://www.hfmdd.de/fileadmin/user_upload/Studiendokumente/Lehramt/Staatsexamen/Staatsexamen_ab_Imma_23_24/Anlage_3_Module_Musik_StEx_Gymnasien.pdf;;;0.9741;tfidf_high;
12;https://www.hawk.de/sites/default/files/2025-05/250515_modulhandbuch_ba_soziale_arbeit_berufsbegleitend.pdf;;;0.9763;tfidf_high;
13;https://www.hfm-detmold.de/fileadmin/lia_hfm_2014/pool/Studiendokumente/Studienbereiche/Instrumental-_und_Gesangspaedagogik/Studienordnungen_IGP/Master/Studienordnung_Master_IP_Viola__Version_2010_.pdf;;;0.9356;tfidf_high;
14;https://www.folkwang-uni.de/fileadmin/medien/Wissenschaft/PDFs/Musikwissenschaft/MHB/MA2/MA2_Instrumental_MoHB.pdf;;;0.9635;llm_confirmed;German Master's module handbook systematically describing modules with learning outcomes, contents, workload/ECTS, exam forms
15;https://mhb.uni-augsburg.de/Lehramtsstudiengaenge/LA+Realschule+%28modularisiert%29/Kunst+%28Hauptfach%29/POVersion+2012/Sommersemester%202021/Lehramt_an_Realschulen_Unterrichtsfach_Kunst.pdf;;;0.7657;llm_confirmed;German university Modulhandbuch systematically describing modules with learning outcomes, contents, ECTS, SWS, and exam forms.
16;https://www.ruhr-uni-bochum.de/ffm/Ordnungen/Modulhandbuch_BA.pdf;;;0.9542;tfidf_high;
17;https://mhb.uni-augsburg.de/MasterStudiengaenge/Master+of+Science/Mathematik+%28Hauptfach%29/POVersion+2013/Sommersemester%202020/Masterstudiengang_Mathematik_PO_2013.pdf;;;0.9495;tfidf_high;
18;https://mhb.uni-augsburg.de/Lehramtsstudiengaenge/LA+Mittelschule++%28modularisiert%29/Evangelische+Religionslehre+%28Hauptfach%29/POVersion+2012/Sommersemester%202018/Evangelische_Religionslehre_Lehramt_Grundschule_Mittelschule_LPO_UA_2012.pdf;;;0.7738;llm_confirmed;German university Modulhandbuch systematically describing modules with learning outcomes, contents, ECTS, workload, exam forms.
19;https://www.verw.tu-dresden.de/Amtbek/PDF-Dateien/2026-04/38_AB26_111_2AeSatz_SO_MA_IB_Ausfertigung.pdf;;;0.5759;llm_rejected;Studienordnung (regulations document), not a Modulhandbuch systematically describing modules.
20;https://mos.uni-halle.de/Download/Aktuell/DE/MH_1037_aktuell.pdf;;;0.9242;tfidf_high;
21;https://www.uni-hamburg.de/campuscenter/studienorganisation/ordnungen-satzungen/pruefungsordnungen/geisteswissenschaften/up-fsb-u-fak-u-gw-u-ba-u-nf-u-gebaerdensprachen-u-20090708.pdf;;;0.944;tfidf_high;
22;https://h-da.de/fileadmin/h_da/Hochschule/Presse_Publikationen/Hochschulanzeiger/2018/ABPO_EN_hda_AEnderung_2018-01-30.pdf;;;0.5233;llm_rejected;General examination regulations (ABPO), not a module handbook with systematic module descriptions.
23;https://mhb.uni-augsburg.de/Lehramtsstudiengaenge/LA+Realschule+%28modularisiert%29/Katholische+Religionslehre+%28Hauptfach%29/POVersion+2013/Sommersemester%202016/Lehramt_Katholische_Religionslehre_Realschule_LPO_2012.pdf;;;0.6852;llm_confirmed;German university Modulhandbuch systematically listing modules with learning outcomes, contents, workload/ECTS, exam forms.
24;https://studienangebot.uni-halle.de/slavische-sprachen-literaturen-und-kulturen-zwei-slavinen-bachelor-120.pdf;;;0.5384;llm_rejected;Programme information document, references separate Modulhandbuch but is not itself one.
25;https://mhb.uni-augsburg.de/MasterStudiengaenge/Master+of+Science/Software+Engineering+%28Hauptfach%29/POVersion+2013/Wintersemester%202022_2023/Elitestudiengang_Software_Engineering.pdf;;;0.966;tfidf_high;
26;https://www.maphy.uni-hannover.de/fileadmin/maphy/Studium/Studierende/Modulkataloge/Modulkataloge_2022/Modulkatalog_QE_20221121.pdf;;;0.9333;tfidf_high;
27;https://www.hof-university.de/fileadmin/user_upload/studienbuero/spo-s/wirtschaft/Personal_und_Arbeit_Master/SPO_PA_2011_3.pdf;;;0.5219;llm_rejected;Studien- und Prüfungsordnung (regulations document), not a Modulhandbuch
28;https://www.zu.de/info-wAssets/studiengaenge/dokumente/00-cme/programmkonzept-4y-bsc-cme.pdf;;;0.5824;llm_rejected;Programme concept document, not systematic module handbook with individual module descriptions
29;https://www.mach.kit.edu/download/MHB/MACH-BSc-en-82-604-H-20165_v1_2022-09-20.pdf;;;0.8443;llm_confirmed;German university module handbook systematically describing degree programme modules with learning outcomes, contents, credits, exam forms.
30;https://mhb.uni-augsburg.de/MasterStudiengaenge/Master+of+Science/Betriebswirtschaftslehre+%28Hauptfach%29/Erste+PO+des+Studiengangs/Wintersemester%202017_2018/Master_Betriebswirtschaftslehre_PO_2017.pdf;;;0.9768;tfidf_high;
31;https://www.mach.kit.edu/download/MSc-Mechanical_Engineering_Module_Handbook_valid_from_20141001.pdf;;;0.9502;tfidf_high;
32;https://www.htwk-leipzig.de/fileadmin/portal/htwk/studieren/1_unsere_studiengaenge/3_studien_pruefungsordnungen/2020-11-24_-_18-19INB_StudO_onlinefassung_red_erg_deckbl.pdf;;;0.9275;tfidf_high;
33;https://www.bekanntmachungen.ovgu.de/media/Modulhandb%C3%BCcher/Bachelor+_+Studieng%C3%A4nge/Chemieingenieurwesen_+Molekulare+und+Strukturelle+Produktgestaltung/Modulhandb%C3%BCcher+ab+Immatrikulation+Wintersemester+2020/Modulhandbuch+vom+01_04_2023-p-20172.pdf;;;0.967;tfidf_high;
34;https://uni-goettingen.de/de/document/download/282e652c698cff65c092313f6258a363.pdf/Modul_B.WIWI-VWL.0002_Makro%20II.pdf;;;0.5984;llm_rejected;Single module datasheet, not systematic handbook covering multiple modules
35;https://f07-studieninfo.web.th-koeln.de/mhb/versions/2022-12-09-12-31-39/html_pdf/M_ME_BaET2020.pdf;;;0.8535;llm_confirmed;German module handbook (Modulhandbuch) systematically describing one module with learning outcomes, contents, ECTS, exam form.
36;https://www.uni-bremen.de/fileadmin/user_upload/sites/qm/MHB_Archiv/82%20-%20WiSe%2025-26/Fachbereich_09_Kulturwissenschaften/BA_Kulturwissenschaft_KF_ID32509_3_de.pdf;;;0.8398;llm_confirmed;German BA Modulhandbuch systematically describing modules with Lernergebnisse, Inhalte, ECTS/SWS, Prüfungsform
37;https://mhb.uni-augsburg.de/Lehramtsstudiengaenge/LA+Mittelschule++%28modularisiert%29/Evangelische+Religionslehre+%28Hauptfach%29/POVersion+2012/Sommersemester%202025/Evangelische_Religionslehre_Lehramt_Grundschule_Mittelschule_LPO_UA_2012.pdf;;;0.8533;llm_confirmed;German university Modulhandbuch systematically describing modules with learning outcomes, contents, ECTS, workload, exam forms.
38;https://www.h-ka.de/fileadmin/Hochschule_Karlsruhe_HKA/Informationsmaterialien/HKA_WE-IWW_RUFZ_Modulhandbuch.pdf;;;0.715;llm_confirmed;German certificate programme module handbook with systematic module descriptions including competencies, contents, workload/ECTS, and teaching forms.
39;https://tu-freiberg.de/media/9624/download;;;0.932;tfidf_high;
40;https://www.fei.uni-hannover.de/fileadmin/fei/Dateien-Studium/Lehramt_Informatik/vkb_25_16_FueBa.pdf;;;0.557;llm_rejected;Prüfungsordnung (regulations document), not a Modulhandbuch with systematic module descriptions.
41;https://www.wiwi.kit.edu/downloads/2014ws_mhb_inwi_BSc_kurz_de.pdf;;;0.6052;llm_confirmed;German university Modulhandbuch for B.Sc. Informationswirtschaft, systematically listing modules with learning outcomes, contents, workload, and exam forms.
42;https://www.th-owl.de/files/webs/mk/download/bachelor/Curriculum_2018/Module/Modulhandbuch_MP_BPO_2018_THOWL_Grundlagen_Informatik.pdf;;;0.5899;llm_confirmed;German university module handbook with learning outcomes, contents, ECTS, workload, exam form.
43;https://www.fernuni-hagen.de/mi/studium/module/pdf/module/bainf/bsits.pdf;;;0.9077;tfidf_high;
44;https://fb06.uni-mainz.de/wp-content/uploads/sites/25/2025/02/BASKK_Studienstrukturen_Studienverlaufsplan_18.pdf;;;0.5726;llm_rejected;Study progression plan (Studienverlaufsplan) only, lacks detailed module descriptions with learning outcomes and contents.
45;https://www.fernuni-hagen.de/mi/studium/module/pdf/module/mscinf/mos.pdf;;;0.8223;llm_rejected;Single module datasheet, not systematic handbook covering many modules
46;https://www.mach.kit.edu/download/MHB/88-604-H-2025_v1_2025-09-02_de.pdf;;;0.6909;llm_confirmed;German university Modulhandbuch for Master's degree programme with systematic module descriptions including learning outcomes, contents, and exam forms.
47;https://tu-freiberg.de/media/9507/download;;;0.9874;tfidf_high;
48;https://philtypo3.uni-koeln.de/sites/phil-fak/lehre_studium/lehramt/modulhandbuecher/2015BALADeutHRG.pdf;;;0.9821;tfidf_high;
49;https://www.fh-erfurt.de/Dokumente/Module/ARS/Architektur/MA_Architektur/PO20252/MA2/marc2120-wpm-modulbereich-a-wood-urban-po20252.pdf;;;0.9092;llm_rejected;Single module datasheet, not systematic handbook covering multiple modules.
50;https://f07-studieninfo.web.th-koeln.de/mhb/versions/2022-09-07-21-31-39/html_pdf/M_DR_BaTIN2020.pdf;;;0.8808;llm_confirmed;German university module handbook for Bachelor programme with learning outcomes, contents, ECTS, exam forms.
51;https://www.jsl.uni-freiburg.de/informationen_fuer_studierende_web/pruefungsordnungen/master_of_education/m.ed.-pruefungsordnung-28.09.2023-englisch.pdf;;;0.7888;llm_rejected;Studien- und Prüfungsordnung (regulations document), not a Modulhandbuch
52;https://www.informatik.tu-darmstadt.de/media/informatik/fb20_studium/formulare_und_dokumente/ordnungen/ordnungen_bsc/pruefungsordnung_2023/SPP_B.Sc._Informatik.pdf;;;0.784;llm_rejected;"Study and exam plan table only; lacks module descriptions with learning outcomes and detailed content."
53;https://www.kuwi.europa-uni.de/de/studium/studienordnungen/_dokumente/so_kuwi_diplom-neu.pdf;;;0.6643;llm_rejected;Studienordnung (regulations document), not a Modulhandbuch with systematic module descriptions.
54;https://www.uni-wuerzburg.de/fileadmin/amtl_veroeffentlichungen/2013/2013-40.pdf;;;0.4133;llm_rejected;Fachspezifische Bestimmungen (regulations/Prüfungsordnung), not a Modulhandbuch with systematic module descriptions.
55;https://www.zlb.kit.edu/downloads/MHB_BBS_B.Ed._SS20_20200429.pdf;;;0.8086;llm_confirmed;German university Modulhandbuch systematically describing modules with learning outcomes, contents, ECTS/LP, and exam forms.
56;https://studienangebot.uni-halle.de/media/194/2404-geschichte-bachelor-120-90-60-10s-mo.pdf;;;0.5734;llm_rejected;Programme overview/information document, not detailed module handbook with per-module descriptions
57;https://www.fei.uni-hannover.de/fileadmin/fei/Dateien-Studium/Modulkataloge/SoSe2024/Modulkatalog_Lehramt_Master.pdf;;;0.981;tfidf_high;
58;https://mhb.uni-augsburg.de/MasterStudiengaenge/Master+of+Science/Wirtschaftsmathematik+%28Hauptfach%29/POVersion+2013/Wintersemester%202018_2019/Masterstudiengang_Wirtschaftsmathematik.pdf;;;0.9789;llm_confirmed;German university Modulhandbuch systematically describing Master's degree modules with learning outcomes, contents, ECTS/SWS, exam forms.
59;https://mhb.uni-augsburg.de/MasterStudiengaenge/Master+of+Science/Klima+und+Umweltwissenschaften+%28Hauptfach%29/Erste+PO+des+Studiengangs/Sommersemester%202023/Master_Klima_und_Umweltwissenschaften.pdf;;;0.8985;llm_confirmed;German university Modulhandbuch systematically describing Master programme modules with learning outcomes, contents, ECTS/SWS, exam forms.
60;https://www.htwg-konstanz.de/fileadmin/pub/studium/studabt/Pruefungsamt/152_SPO_WMT_SPONr2_Senat_09062026.pdf;;;0.6215;llm_rejected;This is a Studienprüfungsordnung (SPO/examination regulations), not a Modulhandbuch.
61;https://mhb.uni-augsburg.de/BachelorStudiengaenge/Bachelor+of+Science/Geoinformatik+%28Hauptfach%29/POVersion+2018/Sommersemester%202021/BSc_Geoinformatik_PO_2018.pdf;;;0.9545;tfidf_high;
62;https://hfm-karlsruhe.de/sites/default/files/field/media_file/2023-03/MA_Modul%C3%BCbersicht_Zeitgen.Musik_2022.pdf;;;0.5175;llm_rejected;Module overview/table only, lacks systematic descriptions of learning outcomes, contents, workload details per module
63;https://www.ph-freiburg.de/fileadmin/shares/Institute/Deutsch/Modultabellen_Modulhandbuch/PRIM_BA_DEU_MT.pdf;;;0.8045;llm_confirmed;German university module handbook systematically describing BA Primarstufe modules with ECTS, learning outcomes, contents, and exam forms.
64;https://pubdoc.th-luebeck.de/download.php?r=dokumente/Plne+und+bersichten/EKS2_Digitaltechnik%252epdf;;;0.9305;tfidf_high;
65;https://mhb.uni-augsburg.de/Lehramtsstudiengaenge/LA+Mittelschule++%28modularisiert%29/Katholische+Religionslehre+%28Hauptfach%29/POVersion+2012/Sommersemester%202024/Lehramt_Katholische_Religionslehre_Mittelschule__LPO_2012.pdf;;;0.8565;llm_confirmed;German university Modulhandbuch systematically describing modules with learning outcomes, contents, workload/ECTS, exam forms.
66;https://cs.tu-dortmund.de/storages/cs/r/Informatik/Studiendekanat/Modulhandbuecher/MSc_Inf_AngInf/Inf/V-Intelligente-Systeme/INF-MSc-522.pdf;;;0.8791;llm_confirmed;German Master's module handbook systematically describing modules with learning outcomes, contents, workload, credits, exam forms.
67;https://www.dijon.uni-mainz.de/files/2025/01/MHB_D_Englisch_Fach2.pdf;;;0.9669;tfidf_high;
68;https://www.wiwi.kit.edu/downloads/2011ss_inwi_BSc_lang_de.pdf;;;0.8815;llm_confirmed;German university Modulhandbuch for B.Sc. Informationswirtschaft, systematically lists modules with learning outcomes, contents, workload, exam forms.
69;https://mhb.uni-augsburg.de/Lehramtsstudiengaenge/LA+Realschule+%28modularisiert%29/Katholische+Religionslehre+%28Hauptfach%29/POVersion+2008+%28ausgelaufen%29/Sommersemester%202020/Lehramt_Katholische_Religionslehre_Realschule_LPO_2008.pdf;;;0.6587;llm_confirmed;German university Modulhandbuch systematically listing modules with learning outcomes, contents, ECTS, SWS, exam forms.
70;https://pubdoc.th-luebeck.de/download.php?r=dokumente/Plne+und+bersichten/EKS1_Physik%252epdf;;;0.8832;llm_rejected;Single module datasheet, not systematic handbook of many modules
71;https://fakultaeten.hu-berlin.de/de/ksb/studiumlehre/uewp/ba-ew-5-1-institutionen-der-bildung-und-der-erziehung_final.pdf;;;0.8247;llm_confirmed;Single module datasheet from German university with learning outcomes, contents, workload, and exam form.
72;https://www.kirchenmusik-dresden.de/wp-content/uploads/Ordnungen/Weiterbildende%20Studieng%C3%A4nge%20Studienordnung%202025-04-25.pdf;;;0.5335;llm_rejected;Studienordnung (regulations document), not a Modulhandbuch systematically describing modules
73;https://www.sozphil.uni-leipzig.de/fileadmin/Fakult%C3%A4t_SozPhil/Institut_f%C3%BCr_Soziologie/Dokumente/Vorlesungsverzeichnis/Vorlesungsverzeichnis_Soziologie_WiSe_2019_20.pdf;;;0.6602;llm_rejected;This is a Vorlesungsverzeichnis (course catalogue/timetable), not a Modulhandbuch.
74;https://www.ph-freiburg.de/fileadmin/shares/Studium/Studienorganisation/SPOs/LA_PO_2003/Verordnung_des_Kultusministeriums_ueber_die_Erste_Staatspruefung_fuer_das_Lehramt_an_Realschulen__RPO_I__v._24.08.2003.pdf;;;0.6655;llm_rejected;Prüfungsordnung (RPO I) - regulations document, not a Modulhandbuch
75;https://www.fernuni-hagen.de/rewi/docs/module/modulhandbuch_llb_sose_2026.pdf;;;0.7198;llm_confirmed;German university Modulhandbuch for LL.B. programme with systematic module descriptions including learning outcomes, contents, workload/credits, and exam forms.
76;https://www.hfmdd.de/fileadmin/user_upload/Studiendokumente/Lehramt/Bachelor_Doppelfach/Imma_18_19/MB_BA_DF_Musik_2.mus.Fach_IGP_Imma18_01.pdf;;;0.9792;tfidf_high;
77;https://www.uni-bremen.de/fileadmin/user_upload/sites/qm/MHB_Archiv/82%20-%20WiSe%2025-26/Fachbereich_10_Sprach_und_Literaturwissenschaften/BA_2_F_EnglischSpeaking_Cultures_Englisch_KF_PO_2025_ID48575_1_en.pdf;;;0.8401;llm_confirmed;German university Modulhandbuch systematically describing degree programme modules with learning outcomes, contents, workload/ECTS, exam forms
78;https://f07-studieninfo.web.th-koeln.de/mhb/versions/2022-12-09-12-31-39/html_pdf/M_WIND_BaET2020.pdf;;;0.7543;llm_confirmed;German university Modulhandbuch for Bachelor Elektrotechnik describing WIND module with learning outcomes, competencies, contents, ECTS, exam forms.
79;https://hfph.de/files/2024/11/2024-studiengangsuebersicht-bachelor.pdf;;;0.7191;llm_rejected;Study programme overview/timetable structure, not detailed module handbook with learning outcomes
80;https://www.dhge.de/dam/jcr:a5b0ada0-1539-4449-b643-00dacdef2f85/2024_Modulhandbuch_ET-PA_1.pdf;;;0.9392;tfidf_high;
81;https://www.hfmdd.de/fileadmin/user_upload/Studiendokumente/Lehramt/Bachelor_Doppelfach/Imma_21_22/SP_BA_DF_mit_Vertiefung_Schulfach.pdf;;;0.8444;llm_rejected;This is a Studienablaufplan (study schedule/timetable), not a Modulhandbuch with detailed module descriptions.
82;https://fb06.uni-mainz.de/wp-content/uploads/sites/25/2024/05/ba-skt-de.pdf;;;0.9691;tfidf_high;
83;https://www.haw-hamburg.de/index.php?eID=dumpFile&t=f&f=20104&token=59be30f6951940028e69fa166b2556b53e4e5945&download=;;;0.9723;tfidf_high;
84;https://www.tu-braunschweig.de/fileadmin/Redaktionsgruppen/Fakultaeten/FK6/Ordnungen/2024_BPO_MA_KTW_final_Gesamtdokument.pdf;;;0.8561;llm_rejected;Prüfungsordnung (examination regulations), not Modulhandbuch with systematic module descriptions.
85;https://www.fernuni-hagen.de/rewi/docs/module/modulhandbuch_ll.m.2015.pdf;;;0.7316;llm_confirmed;German LL.M. module handbook with systematic module descriptions including learning outcomes, contents, workload/ECTS, exam forms.
86;https://mhb.uni-augsburg.de/Lehramtsstudiengaenge/LA+Grundschule+%28modularisiert%29/Katholische+Religionslehre+%28Hauptfach%29/POVersion+2012/Wintersemester%202020_2021/Lehramt_Katholische_Religionslehre_Grundschule_LPO_2012.pdf;;;0.8273;llm_confirmed;German university Modulhandbuch systematically describing modules with learning outcomes, contents, workload/ECTS, exam forms
87;https://www.ph-freiburg.de/fileadmin/shares/Studium/Studienorganisation/SPOs/SPOs_vor_2003/Studienordnung_fuer_den_Studiengang_Lehramt_an_Grund-_und_Hauptschulen_v._17.07.1981.pdf;;;0.6371;llm_rejected;Studienordnung (regulations document), not a Modulhandbuch with systematic module descriptions.
88;https://www.cit.tum.de/fileadmin/w00byx/cit/Studium/Studiengaenge/Master_Mathematics_in_Data_Science/Studiengangsdokumentation_Teil_A_Data_Science.pdf;;;0.5041;llm_rejected;Programme documentation with goals/profile, not systematic module handbook with individual module descriptions.
89;https://www-docs.b-tu.de/studierende/public/modulhandbuch/master/Elektrotechnik/WiSe_25_26/Modulhandbuch_WS2025-26_F0_048_PO2018.pdf;;;0.9636;tfidf_high;
90;https://philtypo3.uni-koeln.de/sites/phil-fak/lehre_studium/lehramt/modulhandbuecher/2015BALAEvRelGygeBK.pdf;;;0.9546;tfidf_high;
91;https://www.wiwi.kit.edu/downloads/2014ws_mhb_inwi_MSc_kurz_de.pdf;;;0.6065;llm_confirmed;German M.Sc. Modulhandbuch systematically describing modules with learning outcomes, contents, credits, exam forms.
92;https://www.phil.uni-mannheim.de/media/Fakultaeten/phil/Dokumente/Modulkatalog_ba/BA4_Span_Ital_Modulkatalog_Endfassung_2021.pdf;;;0.9453;tfidf_high;
93;https://www.uni-flensburg.de/fileadmin/content/portal/die-universitaet/dokumente/po-studiengaenge/master-of-education/grundschulen/2023/modulkataloge-frse/teilstudiengaenge/mk-mags-fpo2023-deu.pdf;;;0.9415;tfidf_high;
94;https://constructor.university/sites/default/files/2023-01/ess_fall_2013_0.pdf;;;0.8232;llm_rejected;"US university handbook, not German Modulhandbuch; lacks systematic module structure"
95;https://mhb.uni-augsburg.de/Lehramtsstudiengaenge/LA+Realschule+%28modularisiert%29/Mathematik+%28Hauptfach%29/POVersion+2015/Wintersemester%202024_25/Studiengang_Lehramt_Realschule_LPO_2012_Version_ab_WS_2015.pdf;;;0.8274;llm_confirmed;German university Modulhandbuch systematically describing modules with learning outcomes, contents, workload/ECTS, and exam forms.
96;https://mhb.uni-augsburg.de/Lehramtsstudiengaenge/LA+Realschule+%28modularisiert%29/Geographie+%28Hauptfach%29/POVersion+2023/Sommersemester%202026/Lehramt_an_Realschulen_LPO_UA_2023_Unterrichtsfach_Geographie.pdf;;;0.9348;tfidf_high;
97;https://www.fernuni-hagen.de/mi/studium/module/pdf/module/bainf/feb.pdf;;;0.6066;llm_confirmed;German university module handbook entry with learning outcomes, contents, workload/ECTS, exam form
98;https://www.ipu-berlin.de/fileadmin/downloads/ma-psychologie/ma-psychologie-modulbeschreibungen-20170401.pdf;;;0.9355;tfidf_high;
99;https://www.uni-hamburg.de/campuscenter/studienorganisation/ordnungen-satzungen/pruefungsordnungen/geisteswissenschaften/up-fsb-u-fak-u-gw-u-ma-u-ethiopian-u-studies-u-20130130.pdf;;;0.9258;tfidf_high;
100;https://www.uni-bremen.de/fileadmin/user_upload/sites/qm/MHB_Archiv/82%20-%20WiSe%2025-26/Fachbereich_10_Sprach_und_Literaturwissenschaften/BA_Germanistik_Deutsch_Komplementaerfach_BPO_4122024_ID49193_1_de.pdf;;;0.7766;llm_confirmed;German university module handbook systematically describing degree programme modules with learning outcomes, contents, workload/ECTS, exam forms.
101;https://www.mach.kit.edu/download/MHB/2.6_Modulhandbuch_Master_MatWerk_PO2017_WS19_20.pdf;;;0.8463;llm_confirmed;German Master's module handbook with systematic module descriptions, learning outcomes, contents, credits, exam forms.
102;https://www.leuphana.de/fileadmin/user_upload/Aktuell/files/Gazetten/Gazette_26_16_FSA_A__nderung_AllgTeile_LuL_070616_1__eb.pdf;;;0.8791;llm_rejected;Prüfungsordnung/Regelwerk mit Änderungen, not systematic module handbook
103;https://mhb.uni-augsburg.de/Lehramtsstudiengaenge/LA+Realschule+%28modularisiert%29/Evangelische+Religionslehre+%28Hauptfach%29/Erste+PO+des+Studiengangs+%28ausgelaufen%29/Sommersemester%202022/Evangelische_Religionslehre_Lehramt_Realschule_LPO_UA_2008.pdf;;;0.7641;llm_confirmed;German university Modulhandbuch systematically describing modules with learning outcomes, contents, ECTS, SWS, exam forms
104;https://www.uni-leipzig.de/fileadmin/ul/Dokumente/WF_60LP_Italianistik.pdf;;;0.5325;llm_rejected;Lists 6 modules with credits but lacks detailed module descriptions (learning outcomes, contents, workload details, exam forms)
105;https://www.etit.kit.edu/rd_download/MHB/MHB_MSc15_MIT_WS25-88-480-H-2015_v1_2025-09-15_en.pdf;;;0.9672;llm_confirmed;German university Master's module handbook systematically describing degree programme modules with learning outcomes, contents, credits, exam forms.
106;https://www.studiengaenge.tu-clausthal.de/fileadmin/Sites/Studiengaenge/Documents/Studiengaenge/Wahlpflichtkataloge/WS_26-27_und_SoSe_27/WPK_NRR_BA_2021_16_06_2026.pdf;;;0.5599;llm_rejected;Elective module catalog only, not systematic handbook with learning outcomes.
107;https://kh-berlin.de/fileadmin/user_upload/Studienorganisation/Musterstudienplaene/BA-Textil-und-Material-Design-Musterstudienplan_2025.pdf;;;0.5549;llm_rejected;Study plan/timetable structure only, lacks module descriptions with learning outcomes, contents, workload details.
108;https://www.ph-freiburg.de/fileadmin/shares/Institute/Deutsch/Dateien/Modulhandbuecher/Modulhandbuch_MA_PRIM_Deutsch_neu.pdf;;;0.9585;llm_confirmed;German MA module handbook systematically describing modules with learning outcomes, workload, ECTS, exam forms.
109;https://www.leuphana.de/fileadmin/user_upload/Aktuell/files/Gazetten/Gazette_2024_03_2024-01-15.pdf;;;0.8302;llm_rejected;Official gazette publishing regulatory amendments, not a module handbook
110;https://www.hochschule-bochum.de/fileadmin/public/Studium/Bildungsangebot/ordnungen/bachelor/CCE/PO_2026_Modulhandbuch_Bachelor_Informatik_24.03.2026.pdf;;;0.9778;tfidf_high;
111;https://cs.tu-dortmund.de/storages/cs/r/Informatik/Studiendekanat/Modulhandbuecher/BSc_Inf_AngInf/Inf/W/INF-BSc-308.pdf;;;0.8796;llm_rejected;Single module datasheet, not complete Modulhandbuch with multiple modules
112;https://www.philfak.uni-bonn.de/de/studium/studienangebot/modulhandbuecher/07-institut-fuer-klassische-und-romanische-philologie/b-a-dis_modulhandbuch_stand-maerz-2026.pdf;;;0.9812;tfidf_high;
113;https://www.uni-bremen.de/fileadmin/user_upload/sites/qm/MHB_Archiv/81%20-%20SoSe%202025/Fachbereich_08_Sozialwissenschaften/Modulhandbuch_Profilfach_Geographie_BPO2024_ID43827_2_de.pdf;;;0.8866;llm_confirmed;German university module handbook (Modulhandbuch) systematically describing Geography degree programme modules with learning outcomes, contents, ECTS/workload, exam forms.
114;https://www.static.tu.berlin/fileadmin/www/10002447/Studium_und_Lehre/Studiengaenge/Masterstudiengaenge/Fahrzeugtechnik_M._Ed/AMBl._Nr._21_vom_31.08.2016.pdf;;;0.5082;llm_rejected;Studien- und Prüfungsordnung (regulations document), not a Modulhandbuch
115;https://www.fliedner-fachhochschule.de/wp-content/uploads/FFH_Modulhandbuch_Kindheitspaedagogik.pdf;;;0.9721;tfidf_high;
116;https://www.uni-flensburg.de/fileadmin/content/portal/die-universitaet/dokumente/po-studiengaenge/master-of-education/gemeinschaftsschulen/2023/modulkataloge-frse/mk-mage-fpo2023-kar.pdf;;;0.945;tfidf_high;
117;https://www.fh-erfurt.de/Dokumente/Module/ARS/Architektur/BA_Architektur/PO20202/BA4/BARC4010-Projektstudio-II.pdf;;;0.7982;llm_rejected;Single module datasheet, not systematic handbook covering multiple modules
118;https://eit.h-da.de/fileadmin/EIT/Dokumente/Elektrotechnik_BA/MHB_BEng_PO2013.pdf;;;0.9298;tfidf_high;
119;https://www.hfm-trossingen.de/fileadmin/user_upload/pdf/Studiengaenge_2026/MA/MHB/MHB-MA-1-Podium-Orchester-Orgel.pdf;;;0.5897;llm_confirmed;German music university Modulhandbuch systematically describing MA programme modules with learning outcomes, contents, ECTS, workload, exam forms
120;https://www.dijon.uni-mainz.de/files/2022/06/BA_MHB_F_BF_Philosophie.pdf;;;0.9651;tfidf_high;
